<?xml version="1.0" encoding="utf-8"?>
<helpContent>
	<helpElement name="Основы языка Python 3">
        <aliasList>
        </aliasList>
        <filePath>basics.html</filePath>
		<children>
				<helpElement name="Функции">
					<aliasList>
						<alias>def</alias>
						<alias>function</alias>
					</aliasList>
					<filePath>functions.html</filePath>
					<children>
					</children>
				</helpElement>
		</children>
    </helpElement>
   <helpElement name="Описание основных модулей языка Python 3">
        <aliasList>
        </aliasList>
        <filePath>modules_descr_main.html</filePath>
		<children>
		</children>
    </helpElement>
</helpContent>